Crendal, Alodie, Andre, Arnand, Astien, Barnand, Bereditte, Birard, Ciel, Cirges, Danders, Daric, Debentien, Detritus, Dilborn, Elbert, Ernand, Ernard, Faric, Fenas, Ferarilie, Francois, Frizkav, Frostien, Gaban, Geon, Geor, Idhdean, Inwold, Irbran, Jadier, Jeanciele, Jerian, Jocien, Joncis, Juillen, Lanie, Listien, Louis, Manis, Marcel, Mebestien, Merard, Merthierry, Myn, Noleon, Ormax, Orrent, Paur, Perien, Phane, Relien, Rerlas, Roberto, Ruran, Simine, Socucius, Thetrard, Varnis, Verick, Ylbert, Eduard (1, 2), Gaston (1, 2), Guilbert (1, 2), Achille, Aelwin, Alberic, Aleron, Alix, Ambroise, Amiable, Ancus, Andre, Antoine, Astav, Baragon, Barthel, Baurion, Beran, Bradon, Brucetus, Christophe, Claude, Colin, Corrick, Damian, Davide, Didier, Edgar, Ernest, Eugal, Ferrum, Floyd, Francois, Gan, Gaspar, Gepard, Gerard, Grantham, Gregory, Hannibal, Hastrel, Istirus, Jakben, Jauffre, Jean-Pierre, Jhared, Jim, Kastus, Lazare, Lewin, Marc, Marcel, Mathieu, Matthias, Norbert, Ogier, Philip, Renald, Reynald, Roderic, Roland, Rowley, Salomon, Samuel, Sam, Traelius, Theranis, Thorley, Timothee, Ulrich, Vicente, Vincent, Morven (1, 2), Adeber, Ainethach, Alain, Amaund, Anton, Arniel, Banning, Belchimac, Belethor, Bendt, Blaise, Braig, Brandish, Cedran, Celann, Clinton, Cosnach, Cynric, Dalan, Degaine, Delacourt, Delvin, Donnel, Dorian, Dryston, Duach, Eltrys, Emmanuel, Enmon, Ennoc, Erj, Esmond, Etienne, Francois*, Garvey, Gauldur, Giraud, Glover, Hamelyn, Hathrasil, Herluin, Imedhnain, Jouane, Krag, Louis, Madanach, Malkoran, Maurice, Mercer, Moric, Nepos, Octieve, Odvan, Omluag, Perth, Phinis, Rahd, Rondach, Sam, Sebastian, Staubin, Stromm, Thomas, Tuthul, Tynan, Uraccen, Weylin, Willem, Erwan (1, 2, 3, 4), Gerard (1, 2, 3, 4), Thomas (1, 2, 3, 4), Alard (1, 2, 3), Cambio (1, 2, 3), Donel (1, 2, 3), Drago (1, 2, 3), Emilien (1, 2, 3), Gaston (1, 2, 3), Geon (1, 2, 3), Gilles (1, 2, 3), Giraud (1, 2, 3), Gregoire (1, 2, 3), Gustave (1, 2, 3), Irvic (1, 2, 3), Julien (1, 2, 3), Laurisac (1, 2, 3), Lucas (1, 2, 3), Mael (1, 2, 3), Marane (1, 2, 3), Marent (1, 2, 3), Achille (1, 2), Alain (1, 2), Alessiac (1, 2), Aloin (1, 2), Anton (1, 2), Arcady (1, 2), Arnaud (1, 2), Audric (1, 2), Auguste (1, 2), Avrippe (1, 2), Axel (1, 2), Baralyn (1, 2), Bastibien (1, 2), Beaucourt (1, 2), Berjac (1, 2), Bernamund (1, 2), Bertrand (1, 2), Blaise (1, 2), Charbriel (1, 2), Charlerel (1, 2), Cesarel (1, 2), Clauvis (1, 2), Clovis (1, 2), Colane (1, 2), Colbois (1, 2), Colwyn (1, 2), Coyne (1, 2), Darien (1, 2), Dariot (1, 2), Delric (1, 2), Delvin (1, 2), Doumant (1, 2), Dureau (1, 2), Edgard (1, 2), Elnis (1, 2), Etienne (1, 2), Eugien (1, 2), Eustis (1, 2), Fabremund (1, 2), Farelle (1, 2), Farvour (1, 2), Federic (1, 2), Filibert (1, 2), Foucault (1, 2), Gaspard (1, 2), Gastarge (1, 2), Gaubert (1, 2), Gavrard (1, 2), Georges (1, 2), Gerbert (1, 2), Gil (1, 2), Gilgoire (1, 2), Guillaume (1, 2), Guilliot (1, 2), Guy (1, 2), Harcourt (1, 2), Henri (1, 2), Ignace (1, 2), Javerien (1, 2), Javier (1, 2), Jean (1, 2), Jolippe (1, 2), Joncis (1, 2), Jonne (1, 2), Kylian (1, 2), Lanis (1, 2), Lanovic (1, 2), Leonce (1, 2), Leonhard (1, 2), Loic (1, 2), Loucel (1, 2), Louic (1, 2), Louis (1, 2), Ludippe (1, 2), Lumagne (1, 2), Mandel (1, 2), Marq (1, 2), Mathias (1, 2), Maurice (1, 2), Maxevain (1, 2), Michel (1, 2), Milo (1, 2), Miquel (1, 2), Mollier (1, 2), Nicolas (1, 2), Noam (1, 2), Olivier (1, 2), Padier (1, 2), Parriot (1, 2), Phillic (1, 2), Pierraud (1, 2), Pierre (1, 2), Popeil (1, 2), Pugereau (1, 2), Rayan (1, 2), Redwyg (1, 2), Remy (1, 2), Rubyn (1. 2), Ruffe (1, 2), Sandor (1, 2), Sebastien (1, 2), Stelvene (1, 2), Stephen (1, 2), Theo (1, 2), Theodore (1, 2), Thibault (1, 2), Thibaut (1, 2), Thierry (1, 2), Timeo (1, 2), Trystan (1, 2), Vachel (1, 2), Vierry (1, 2), Ylbore (1, 2), Zackael (1, 2), Abel, Absolard, Absolet, Achane, Achene, Achibert, Adair, Adalard, Adam, Addrald, Adeber, Adel, Adistair, Adnot, Adric, Adrien, Adrone, Adwig, Ailex, Aillard, Aime, Aimeric, Ajac, Alabane, Alaird, Albec, Albert, Aldouin, Aleron, Alexain, Alfred, Alinon, Alesace, Alessio, Alezan, Allan, Allunen, Alphaury, Alphonse, Altus, Alvaren, Alvuin, Amable, Amaury, Amberic, Amelus, Amiberl, Anatole, Ancus, Andbert, Andrec, Androche, Androne, Angof, Annibal, Antonin, Aphren, Archimbert, Archimbide, Aresin, Aribert, Armel, Armin, Arnand, Arniel, Arnitole, Arnoth, Arnousten, Arphevic, Arthur, Athanin, Athel, Atroque, Aude, Auglard, Aveberl, Avent, Balik, Balin, Banyrick, Barjot, Barnabe, Bartram, Baryctor, Basile, Basilien, Bastien, Beaubel, Beaunois, Bedastair, Begnaud, Benjamin, Benjamund, Benjamyn, Benoit, Benry, Beran, Beric, Berjamund, Belic, Bernard, Bernardine, Bertran, Beryn, Bistrand, Blasius, Blithe, Boeuf, Bric, Brice, Brinarch, Bruc, Brulo, Brunile, Bruno, Brussec, Buneau, Cahusque, Calden, Calixte, Canollot, Caoiss, Cantier, Casimir, Cavot, Celarion, Celnard, Cesamund, Chantot, Charlebert, Charlemic, Charlemund, Charleric, Charques, Chervain, Chrismin, Christoph, Christophe, Churley, Cimon, Claude, Claumin, Clement, Colby, Colwin, Condier, Condrenn, Connor, Corbyn, Cordier, Corentin, Corintthac, Corwyn, Craig, Crenard, Curnard, Curtice, Cyntoine, Cyrill, Dantoine, Dacele, Daimbert, Daine, Dalenc, Damard, Damien, Danders, Danforth, Dantoine, Danual, Danwyche, Darcy, Daribert, Dariel, Daro, Darrel, Darren, Darric, Darryn, Darvell, Davide, Davier, Davyd, Degaratien, Delane, Delven, Ethian, Derrell, Destaine, Destane, Deverak, Deveral, Dhalen, Didier, Dilan, Dimitri, Dorand, Dore, Dorel, Dracien, Dran, Draven, Drivien, Duncan, Dunimond, Duraeg, Dydier, Dyric, Ealis, Edain, Edgard, Edmund, Edouard, Edreld, Edric, Edrien, Edryg, Edweg, Elbert, Ellic, Eloic, Emeric, Emiliard, Emmandic, Emmerard, Emnard, Emory, Emoryan, Endemel, Ennemond, Enri, Enrick, Erbogar, Erind, Ernard, Ernele, Ernirus, Erold, Escabert, Escamel, Esmond, Esquier, Esteve, Estien, Estienn, Etiache, Evien, Evinn, Evrart, Fabrice, Faolchu, Faric, Felipe, Felyx, Ferou, Ferrand, Finious, Florenot, Florent, Fonten, Fontenot, Franck, Francynak, Franque, Frederic, Frederuno, Frencque, Frilan, Frizwyr, Frubert, Frugo, Fugues, Gabin, Gaboryan, Gabrien, Gabryel, Gaffer, Gailen, Gaillard, Ganet, Garbert, Garron, Garth, Gascone, Gasparien, Gastau, Gasteau, Gauldur, Gaven, Gavin, Gavric, Gawayne, Gedric, Gelem, Gelvin, Gennove, Geonard, Gepelem, Geraud, Geric, Gernaud, Gerrald, Gessure, Gib, Gierry, Gilbert, Ginus, Giorges, Gitienne, Glaubert, Gondistair, Gorag, Gordon, Gordyn, Goren, Graham, Grancis, Grandeau, Granden, Granier, Gregorius, Gregory, Grivier, Grobert, Grugues, Gudyn, Guitaut, Guybert, Guymund, Guyseph, Gyrard, Hacques, Halar, Hamelyn, Handyn, Hannibal, Harald, Harbin, Haskill, Henrien, Herane, Heron, Herric, Hervetole, Hescot, Heseph, Hierot, Hilaire, Holbert, Hoster, Hubert, Huet, Hughes, Hulbert, Hurien, Idaron, Igleric, Igmund, Ignobert, Ilzo, Inwold, Irbran, Irnand, Jac, Jacmund, Jacques, Jadien, Jakarn, Janvin, Jarnot, Jascien, Jasper, Javiel, Jean-Jacques, Jerall, Jeran, Jerard, Jeraud, Jeremie, Jerian, Jernald, Jeromec, Jerromec, Jesper, Jimy, Joheric, Joile, Jollivet, Jonah, Jorden, Jorvuld, Jossen, Jowan, Juberic, Juste, Kaenach, Kalhot, Kalin, Kareem, Kasorayn, Kasynac, Kasynak, Kathner, Kauric, Kellis, Kelmen, Kevinne, Kilian, Kip, Kirk, Krasdore, Kurt, Kyrtos, Labhraidh, Lanard, Lanobert, Lantoine, Laroche, Lartigue, Lauric, Laurient, Lazare, Leclaude, Len, Lenet, Lennoc, Leo, Leobert, Leobois, Leon, Leonaud, Leovic, Leric, Leseph, Lestault, Lesuin, Lewin, Liam, Lionel, Lisien, Lorant, Lort, Loupel, Louveau, Luc, Lureau, Lurelien, Lyam, Maecald, Maldred, Marbet, Marc, Marcel, Marchel, Marco, Marcoryan, Marjaques, Marley, Marnest, Marone, Marrec, Martin, Martine, Marwig, Mathon, Mathys, Matthew, Matthiaume, Matthieu, Matys, Maul, Maxelot, Maxim, Mederic, Menoit, Merien, Merten, Merthyval, Merton, Michaniel, Michebert, Micholas, Millengor, Mirasal, Mirten, Mivier, Morric, Morten, Morvan, Morven, Munche, Muran, Mylo, Nathaniel, Nellic, Nemic, Nepas, Nicholas, Nicolard, Nilas, Nirine, Noah, Nolore, Nombert, Nompar, Octin, Octivien, Odei, Olarz, Olwin, Omistyr, Ondre, Onfroi, Onri, Ormax, Orrard, Orvel, Oscar, Ouard, Oubelic, Ourson, Owayine, Owen, Paldrin, Parelle, Parquier, Parsifal, Pascal, Pascual, Patraud, Paulemond, Paulin, Pavel, Percy, Perranas, Perrine, Perrot, Perry, Peryn, Peverel, Phaistyr, Phane, Phelain, Phelibert, Philien, Philimac, Phinis, Pierjean, Pierrand, Pierrant, Pierric, Pierrie, Pilou, Piper, Pitof, Porthippe, Praxin, Quentyn, Quinton, Quiston, Raldan, Rallaume, Ramis, Ranser, Raolin, Raphael, Raylen, Reges, Remic, Renald, Renard, Renardou, Renchant, Renoit, Renko, Renwic, Rerlas, Reynard, Reynaud, Richard, Richarde, Richion, Richon, Ricque, Robert, Robier, Robyn, Rocheric, Rodednain, Rodmand, Rodolphe, Rodynak, Rogeraud, Rogier, Rogolphe, Rohlbert, Roland, Rolbert, Romain, Rurestian, Sadun, Saehon, Salach, Salazar, Sammis, Sarvith, Sebastian, Serge, Sergerien, Sernays, Serrien, Severin, Silas, Simine, Sirion, Solumor, Sorais, Soran, Sosil, Spencer, Stefan, Stenwick, Stephenn, Stephile, Sternis, Stibbons, Stral, Strastnoc, Styriche, Sunel, Suriel, Sutler, Tamien, Telfour, Tetra, Tevenot, Theobald, Theophile, Therich, Therron, Theyo, Thibauld, Thibierry, Thibret, Thierric, Thomase, Tildus, Timmon, Timothee, Tom, Topheric, Torvic, Tourvic, Treves, Trierre, Tryste, Tsiniuc, Tyree, Urfon, Usquebald, Usquenot, Utheccan, Vaford, Valcent, Valentois, Vallis, Vance, Varaine, Vardan, Vaurice, Velan, Velian, Ven, Vencobert, Verdrey, Verel, Verney, Veronard, Verrik, Vertrand, Vicmond, Victraud, Vignac, Vilhim, Vilum, Vincebald, Vincein, Virgeraud, Virgile, Vontan, Vorthag, Vyctor, Vyrois, Warrane, Wilkes, Willem, William, Wuhkusto, Wylon, Wynn, Xandier, Xavier, Xavippe, Yanis, Ylvandre, Yncien, Yngwie, Yugene, Yves, Zacharie, Zakhaleh, Zalbec, Zavierry, Zavour, Zibaran, Edgard, Gargrell, Riente, Taig, Vignac, Alain, Cortoran, Faolan, Gallivere, Gilbard, Gryf, Gyron, Hennabear, Horstle, Lywel, Sylon, Wergital, Wynster